{
  "Tablero": "Resumen de Alimentadores",
  "Description": "Sin Descripción",
  "Lineas": [
    {
      "No": "L1",
      "Origin": "TGN",
      "To": "BOMBDOSFCLORO",
      "ToDesc": "BOMBA DOSIFICADORA DE CLORO",
      "PotInstVA": 414.27777777777777,
      "PotInstWatts": 372.85,
      "FacDemanda": 1.0,
      "PotDemAlum": 0.0,
      "PotDemCont": 0.0,
      "PotDemForce": 0.0,
      "PotDemVA": 414.27777777777777,
      "PotDemWatts": 372.85,
      "FacPotencia": 0.9,
      "VoltajeNominal": 440.0,
      "CorrienteNominal": 1.0,
      "FacTem": 1.0,
      "FacAgr": 0.8,
      "CorrienteCorregida": 1.5625,
      "Aliment": "3#14, 1#14",
      "Canal": "1T - 16mm",
      "Length": 20.0,
      "Imped": 0.009258530183727031,
      "Resist": 0.0101706036745407,
      "React": 0.000239501312335958,
      "CaidaDeVoltaje": 0.042084228107850147,
      "Interruptor": "2P-15A"
    },
    {
      "No": "L2",
      "Origin": "TGN",
      "To": "d",
      "ToDesc": "d",
      "PotInstVA": 414.27777777777777,
      "PotInstWatts": 372.85,
      "FacDemanda": 1.0,
      "PotDemAlum": 0.0,
      "PotDemCont": 0.0,
      "PotDemForce": 0.0,
      "PotDemVA": 414.27777777777777,
      "PotDemWatts": 372.85,
      "FacPotencia": 0.9,
      "VoltajeNominal": 440.0,
      "CorrienteNominal": 1.0,
      "FacTem": 1.0,
      "FacAgr": 1.0,
      "CorrienteCorregida": 1.25,
      "Aliment": "3#14, 1#14",
      "Canal": "1T - 16mm",
      "Length": 0.0,
      "Imped": 0.009258530183727031,
      "Resist": 0.0101706036745407,
      "React": 0.000239501312335958,
      "CaidaDeVoltaje": 0.0,
      "Interruptor": "2P-15A"
    },
    {
      "No": "L3",
      "Origin": "TGN",
      "To": "Bombas",
      "ToDesc": "bombas",
      "PotInstVA": 828.55555555555554,
      "PotInstWatts": 745.7,
      "FacDemanda": 1.0,
      "PotDemAlum": 0.0,
      "PotDemCont": 0.0,
      "PotDemForce": 0.0,
      "PotDemVA": 828.55555555555554,
      "PotDemWatts": 745.7,
      "FacPotencia": 0.9,
      "VoltajeNominal": 440.0,
      "CorrienteNominal": 2.25,
      "FacTem": 1.0,
      "FacAgr": 0.8,
      "CorrienteCorregida": 3.125,
      "Aliment": "3#14, 1#14",
      "Canal": "1T - 16mm",
      "Length": 12.0,
      "Imped": 0.009258530183727031,
      "Resist": 0.0101706036745407,
      "React": 0.000239501312335958,
      "CaidaDeVoltaje": 0.056813707945597688,
      "Interruptor": "2P-15A"
    }
  ]
}